PROPERTY_NAME,PROPERTY_ADDRESS,CITY,STATE,POSTAL_CODE,PHONE_NUMBER
Bethlehem Wind Creek,77 Wind Creek Blvd,Bethlehem,Pennsylvania,18015,877-726-3777
Wind Creek Illinois Chicago Southland,17300 S. Halsted St.,Chicago Southland,Illinois,60429,
Creek Casino,"303 Poarch Rd, Atmore, AL 36502",Atmore,Alabama,36502,
Wa She Shu,"1003 Highway 395 South, Gardnerville, NV 89410",Gardnerville,Nevada,89410,
RMG Pala Online Casino,"11154 Highway 76 Pala, CA 92059 USA",Pala,California,92059,877-725-2766
Wind Creek Montgomery,1801 Eddie L. Tullis Road,Montgomery,Alabama,36117,
Online Casino,"303 Poarch Rd, Atmore, AL 36502, USA",Atmore,Alabama,36502,
Creek Entertainment Gretna,,,,,850-875-6930
Pensacola Greyhound Racing,,,,,850-456-9800
Seaport Casino,,,,,+297 5836000
Crystal Casino,,,,,+297 5836000
Magic City Casino,,,,,305-649-3000
